[
  {
    "user": {
      "type": "player",
      "name": "JJuniorAC",
      "uniqueId": "8ff7f385-dfb3-346e-92fb-43db688cbb34"
    },
    "time": 1732586838783,
    "type": "Profiler",
    "data": {
      "type": "url",
      "value": "https://spark.lucko.me/XUA7o3CSJy"
    }
  },
  {
    "user": {
      "type": "player",
      "name": "JJuniorAC",
      "uniqueId": "8ff7f385-dfb3-346e-92fb-43db688cbb34"
    },
    "time": 1732586485919,
    "type": "Profiler (live)",
    "data": {
      "type": "url",
      "value": "https://spark.lucko.me/g2ovzVDX7g"
    }
  },
  {
    "user": {
      "type": "player",
      "name": "JJuniorAC",
      "uniqueId": "8ff7f385-dfb3-346e-92fb-43db688cbb34"
    },
    "time": 1732584154276,
    "type": "Profiler (live)",
    "data": {
      "type": "url",
      "value": "https://spark.lucko.me/z5eAjYXkbh"
    }
  }
]